timestamp_utc,experiment,noise,p,shots,idle_steps,seed,state,method,n,basis,decode_mode,kept_fraction,success,counts
2026-03-14T02:22:34.050611+00:00,bitflip,bitflip,0.0,4000,4,12345,0,baseline_n1,1,Z,majority,1.0,1.0,{'0': 4000}
2026-03-14T02:22:34.050611+00:00,bitflip,bitflip,0.0,4000,4,12345,0,bitflip_rep_n3,3,Z,majority,1.0,1.0,{'000': 4000}
2026-03-14T02:22:34.050611+00:00,bitflip,bitflip,0.0,4000,4,12345,0,bitflip_rep_n5,5,Z,majority,1.0,1.0,{'00000': 4000}
2026-03-14T02:22:34.050611+00:00,bitflip,bitflip,0.0,4000,4,12345,0,bitflip_rep_n7,7,Z,majority,1.0,1.0,{'0000000': 4000}
2026-03-14T02:22:34.050611+00:00,bitflip,bitflip,0.0,4000,4,12345,0,bitflip_stabilizer_n3,3,Z,majority,1.0,1.0,{'00000': 4000}
2026-03-14T02:22:34.050611+00:00,bitflip,bitflip,0.01,4000,4,12345,0,baseline_n1,1,Z,majority,1.0,0.96375,"{'0': 3855, '1': 145}"
2026-03-14T02:22:34.050611+00:00,bitflip,bitflip,0.01,4000,4,12345,0,bitflip_rep_n3,3,Z,majority,1.0,0.997,"{'000': 3553, '001': 141, '010': 146, '100': 148, '110': 6, '011': 4, '101': 2}"
2026-03-14T02:22:34.050611+00:00,bitflip,bitflip,0.01,4000,4,12345,0,bitflip_rep_n5,5,Z,majority,1.0,1.0,"{'01000': 127, '10001': 8, '00000': 3270, '00010': 138, '00001': 136, '10000': 116, '01010': 7, '00100': 155, '00110': 7, '01100': 7, '00011': 10, '10100': 5, '11000': 4, '01001': 4, '00101': 4, '10010': 2}"
2026-03-14T02:22:34.050611+00:00,bitflip,bitflip,0.01,4000,4,12345,0,bitflip_rep_n7,7,Z,majority,1.0,1.0,"{'0001000': 125, '0000000': 3013, '0001010': 3, '0100001': 4, '0000001': 138, '0010000': 120, '0000110': 4, '1000000': 114, '1000100': 4, '0000010': 135, '1000010': 5, '0000100': 127, '0100000': 115, '0100101': 1, '0001110': 1, '1001100': 1, '1101000': 2, '0101000': 6, '1010000': 6, '0010010': 3, '0010001': 6, '1100000': 7, '0000011': 9, '0011000': 7, '0000111': 1, '1000001': 3, '0110000': 4, '0010100': 6, '0001100': 10, '0000101': 3, '0100010': 4, '1001000': 5, '0100100': 2, '0100110': 1, '0101001': 1, '0001001': 2, '0011100': 1, '1100100': 1}"
2026-03-14T02:22:34.050611+00:00,bitflip,bitflip,0.01,4000,4,12345,0,bitflip_stabilizer_n3,3,Z,majority,1.0,0.99525,"{'00000': 3516, '00001': 161, '00010': 152, '00011': 152, '11110': 7, '11101': 5, '11111': 7}"
2026-03-14T02:22:34.050611+00:00,bitflip,bitflip,0.02,4000,4,12345,0,baseline_n1,1,Z,majority,1.0,0.92425,"{'0': 3697, '1': 303}"
2026-03-14T02:22:34.050611+00:00,bitflip,bitflip,0.02,4000,4,12345,0,bitflip_rep_n3,3,Z,majority,1.0,0.9845,"{'000': 3162, '001': 257, '010': 257, '100': 262, '011': 21, '110': 18, '101': 21, '111': 2}"
2026-03-14T02:22:34.050611+00:00,bitflip,bitflip,0.02,4000,4,12345,0,bitflip_rep_n5,5,Z,majority,1.0,0.9975,"{'01000': 246, '00000': 2677, '01010': 20, '10000': 200, '00001': 235, '11000': 15, '00010': 200, '10100': 20, '00100': 245, '01100': 20, '01001': 21, '00110': 21, '10001': 20, '00011': 22, '10010': 15, '10111': 1, '00101': 13, '10101': 1, '10110': 2, '11100': 1, '01101': 1, '01110': 1, '11001': 3}"
2026-03-14T02:22:34.050611+00:00,bitflip,bitflip,0.02,4000,4,12345,0,bitflip_rep_n7,7,Z,majority,1.0,0.99925,"{'0100000': 198, '0001000': 197, '0000000': 2310, '0001010': 12, '1110010': 1, '0100001': 16, '0110001': 3, '1000000': 173, '0000110': 11, '1000010': 13, '0000100': 193, '1000100': 20, '0000010': 188, '0010000': 208, '0110010': 1, '0000101': 15, '0000001': 175, '0010010': 18, '0010001': 14, '1100000': 15, '1001000': 8, '0101000': 17, '1011000': 3, '0010100': 16, '1110000': 2, '0001100': 16, '0000111': 2, '1000001': 17, '0110000': 16, '1000101': 1, '0110100': 1, '0101100': 1, '0000011': 22, '0001101': 2, '0100100': 11, '0001001': 13, '1101000': 3, '1100100': 2, '0011000': 14, '1010000': 17, '0010011': 1, '1110001': 1, '0100010': 11, '0001011': 2, '0101001': 2, '1001100': 2, '0001110': 3, '0011100': 4, '0111000': 1, '1001001': 1, '1100010': 1, '0010111': 1, '0011001': 1, '1100001': 1, '1010010': 1, '1010001': 2}"
2026-03-14T02:22:34.050611+00:00,bitflip,bitflip,0.02,4000,4,12345,0,bitflip_stabilizer_n3,3,Z,majority,1.0,0.9845,"{'00000': 3146, '00001': 251, '00011': 270, '11100': 1, '00010': 271, '11101': 18, '11110': 24, '11111': 19}"
2026-03-14T02:22:34.050611+00:00,bitflip,bitflip,0.03,4000,4,12345,0,baseline_n1,1,Z,majority,1.0,0.89375,"{'0': 3575, '1': 425}"
2026-03-14T02:22:34.050611+00:00,bitflip,bitflip,0.03,4000,4,12345,0,bitflip_rep_n3,3,Z,majority,1.0,0.969,"{'000': 2794, '001': 384, '010': 349, '100': 349, '101': 45, '110': 41, '011': 33, '111': 5}"
2026-03-14T02:22:34.050611+00:00,bitflip,bitflip,0.03,4000,4,12345,0,bitflip_rep_n5,5,Z,majority,1.0,0.98825,"{'00000': 2207, '00001': 285, '10000': 288, '01010': 37, '11000': 37, '00100': 271, '01100': 43, '00010': 275, '10100': 28, '10001': 29, '01000': 294, '01001': 31, '10011': 5, '00101': 34, '01110': 6, '00011': 33, '00111': 4, '01011': 7, '10010': 28, '00110': 33, '01101': 6, '10110': 3, '11010': 2, '11101': 1, '11001': 3, '01111': 1, '10101': 5, '10111': 1, '11100': 3}"
2026-03-14T02:22:34.050611+00:00,bitflip,bitflip,0.03,4000,4,12345,0,bitflip_rep_n7,7,Z,majority,1.0,0.99625,"{'0001000': 215, '1000110': 3, '0000000': 1760, '0010000': 217, '0110110': 1, '0101010': 4, '0000001': 219, '1000100': 24, '0000010': 217, '0110001': 3, '0000110': 32, '1000000': 225, '0100111': 1, '1001010': 4, '0010010': 34, '0100000': 238, '1001100': 3, '0101001': 4, '0101101': 1, '1000010': 19, '0000100': 210, '0110010': 10, '1000011': 5, '0000101': 32, '0100011': 4, '1001110': 1, '1110000': 5, '0001100': 30, '0010001': 30, '1000001': 17, '0000111': 4, '0110000': 26, '0100010': 23, '0101000': 29, '0011010': 4, '1100100': 5, '0011000': 28, '1010100': 1, '0001101': 4, '0100100': 23, '1111000': 3, '1010000': 25, '1000101': 1, '0110100': 1, '0101100': 9, '0000011': 28, '1110010': 1, '0001010': 23, '0100001': 21, '1101000': 2, '0001001': 28, '1011000': 3, '0010100': 35, '0010011': 2, '1001001': 4, '0111000': 6, '0010111': 1, '1001000': 27, '1100000': 28, '0011001': 7, '1100101': 1, '0011100': 7, '0100110': 1, '0111010': 1, '1100001': 2, '1101010': 1, '0100101': 1, '0001011': 4, '1001011': 1, '1100011': 1, '1010010': 3, '0010101': 2, '1100010': 2, '1010001': 1, '0001110': 1, '1100110': 1}"
2026-03-14T02:22:34.050611+00:00,bitflip,bitflip,0.03,4000,4,12345,0,bitflip_stabilizer_n3,3,Z,majority,1.0,0.9685,"{'00000': 2805, '00001': 347, '00011': 357, '11100': 2, '00010': 365, '11101': 48, '11110': 35, '11111': 41}"
2026-03-14T02:22:34.050611+00:00,bitflip,bitflip,0.04,4000,4,12345,0,baseline_n1,1,Z,majority,1.0,0.862,"{'0': 3448, '1': 552}"
2026-03-14T02:22:34.050611+00:00,bitflip,bitflip,0.04,4000,4,12345,0,bitflip_rep_n3,3,Z,majority,1.0,0.944,"{'000': 2504, '001': 424, '010': 429, '100': 419, '011': 72, '110': 73, '101': 71, '111': 8}"
2026-03-14T02:22:34.050611+00:00,bitflip,bitflip,0.04,4000,4,12345,0,bitflip_rep_n5,5,Z,majority,1.0,0.977,"{'10001': 52, '11010': 8, '00000': 1850, '10000': 326, '00001': 288, '00110': 55, '00111': 10, '00010': 314, '10010': 58, '00100': 308, '01000': 298, '00101': 55, '10110': 5, '11001': 11, '10100': 40, '00011': 53, '01001': 62, '11000': 48, '10101': 10, '01010': 52, '01100': 49, '01101': 12, '10011': 6, '01011': 12, '11100': 8, '11110': 1, '01110': 6, '10111': 2, '01111': 1}"
2026-03-14T02:22:34.050611+00:00,bitflip,bitflip,0.04,4000,4,12345,0,bitflip_rep_n7,7,Z,majority,1.0,0.9885,"{'0000000': 1387, '0110011': 3, '0101101': 2, '1000010': 35, '0000100': 230, '0101110': 1, '0110010': 3, '1000011': 9, '0000101': 47, '0110101': 1, '0101011': 1, '1000100': 45, '1111010': 2, '0000010': 211, '0110001': 5, '1000000': 226, '0000110': 28, '0011000': 36, '1010100': 8, '0010000': 221, '0100000': 239, '0001000': 227, '1001011': 1, '0001101': 4, '0111100': 1, '0100100': 39, '1001110': 4, '1110000': 6, '0100011': 8, '0001100': 41, '0000001': 211, '0001001': 31, '0001110': 12, '0100101': 5, '0001011': 11, '0100010': 39, '0010010': 33, '0000111': 5, '1000001': 40, '0110000': 40, '1001000': 27, '1101100': 2, '0010110': 4, '0000011': 35, '0110100': 7, '0101100': 5, '1110010': 2, '0001010': 38, '0100001': 43, '0111000': 7, '0010011': 10, '1100000': 32, '1010110': 1, '1001010': 4, '1110100': 2, '0101000': 46, '0101001': 8, '0010100': 45, '0010001': 39, '0011001': 5, '0010101': 8, '1010000': 33, '1100010': 8, '1100110': 1, '1010001': 7, '1100101': 3, '1010010': 7, '1111000': 1, '1100001': 7, '0001111': 1, '1100100': 4, '0011111': 1, '0011010': 8, '0111010': 1, '0100110': 5, '0010111': 1, '1000101': 4, '1001001': 7, '1011000': 4, '0011011': 2, '0011100': 2, '1101011': 1, '1101110': 1, '1011100': 2, '1101000': 4, '0110110': 1, '0101010': 3, '1000110': 3, '1110011': 1, '0100111': 1, '1001101': 1, '1101001': 1, '0011110': 1, '1001100': 3, '1010011': 1, '1111001': 1}"
2026-03-14T02:22:34.050611+00:00,bitflip,bitflip,0.04,4000,4,12345,0,bitflip_stabilizer_n3,3,Z,majority,1.0,0.945,"{'00000': 2559, '00001': 387, '00011': 412, '11100': 6, '00010': 422, '11101': 75, '11111': 76, '11110': 63}"
2026-03-14T02:22:34.050611+00:00,bitflip,bitflip,0.05,4000,4,12345,0,baseline_n1,1,Z,majority,1.0,0.83275,"{'0': 3331, '1': 669}"
2026-03-14T02:22:34.050611+00:00,bitflip,bitflip,0.05,4000,4,12345,0,bitflip_rep_n3,3,Z,majority,1.0,0.924,"{'000': 2246, '010': 490, '001': 471, '011': 91, '100': 489, '110': 104, '101': 92, '111': 17}"
2026-03-14T02:22:34.050611+00:00,bitflip,bitflip,0.05,4000,4,12345,0,bitflip_rep_n5,5,Z,majority,1.0,0.95975,"{'01000': 321, '00000': 1500, '10011': 19, '11100': 11, '00010': 309, '00001': 364, '10000': 349, '10010': 56, '00100': 328, '10100': 69, '00110': 62, '10001': 70, '00011': 70, '01001': 69, '11000': 57, '11010': 14, '10110': 12, '01010': 71, '00101': 70, '01110': 18, '11001': 13, '01100': 74, '01101': 10, '10101': 12, '01011': 20, '01111': 6, '00111': 12, '11011': 6, '11110': 2, '10111': 4, '11101': 2}"
2026-03-14T02:22:34.050611+00:00,bitflip,bitflip,0.05,4000,4,12345,0,bitflip_rep_n7,7,Z,majority,1.0,0.97775,"{'0001001': 51, '0101010': 8, '0000001': 241, '0100000': 225, '0001000': 220, '0110111': 2, '1111100': 3, '1000110': 11, '0000000': 1075, '0110010': 11, '0101110': 4, '0000101': 44, '0101101': 1, '0110011': 6, '1000010': 53, '0000100': 209, '0100001': 46, '0001010': 45, '0011110': 2, '1100000': 46, '0010001': 59, '0111100': 5, '0100100': 66, '0000111': 13, '0110000': 49, '1000001': 51, '1000100': 38, '0000010': 197, '0110001': 7, '0000110': 45, '1000000': 227, '0010000': 214, '0111000': 9, '0110100': 8, '0101100': 11, '1000101': 8, '0000011': 43, '1001101': 3, '1110001': 3, '0100010': 38, '1010000': 30, '0011000': 47, '1010011': 6, '0010010': 45, '0100111': 1, '1110100': 1, '1001010': 11, '0001110': 11, '1001100': 12, '0100011': 11, '0001100': 50, '1110000': 10, '1100010': 5, '0010011': 14, '1100001': 8, '1010001': 10, '1001000': 48, '0101000': 59, '1011000': 5, '0010100': 49, '0011100': 8, '0100110': 7, '1110101': 1, '0101001': 7, '1111000': 3, '0011001': 8, '1010010': 5, '1101000': 9, '1101100': 4, '1110111': 1, '1001011': 4, '0101011': 4, '1011101': 1, '1100100': 9, '1000011': 7, '0001011': 8, '0001111': 1, '1101010': 1, '1010100': 6, '1111001': 1, '0001101': 9, '1100101': 1, '1001001': 13, '1011100': 3, '0011010': 6, '0010101': 7, '1100110': 1, '1010101': 5, '0100101': 7, '0111001': 3, '1100111': 3, '1011001': 4, '0011101': 3, '1010110': 1, '1110010': 1, '0011011': 1, '1101001': 2, '1011010': 2, '0010110': 2, '1100011': 1}"
2026-03-14T02:22:34.050611+00:00,bitflip,bitflip,0.05,4000,4,12345,0,bitflip_stabilizer_n3,3,Z,majority,1.0,0.91925,"{'00000': 2272, '00001': 444, '00011': 467, '11100': 14, '00010': 494, '11101': 112, '11111': 107, '11110': 90}"
2026-03-14T02:22:34.050611+00:00,bitflip,bitflip,0.06,4000,4,12345,0,baseline_n1,1,Z,majority,1.0,0.80825,"{'0': 3233, '1': 767}"
2026-03-14T02:22:34.050611+00:00,bitflip,bitflip,0.06,4000,4,12345,0,bitflip_rep_n3,3,Z,majority,1.0,0.89475,"{'000': 1996, '010': 528, '001': 532, '100': 523, '101': 124, '011': 137, '110': 131, '111': 29}"
2026-03-14T02:22:34.050611+00:00,bitflip,bitflip,0.06,4000,4,12345,0,bitflip_rep_n5,5,Z,majority,1.0,0.944,"{'10001': 93, '00000': 1273, '11100': 20, '00010': 351, '10000': 351, '01001': 85, '10100': 77, '00011': 83, '00101': 90, '00001': 321, '10111': 7, '01000': 340, '10010': 96, '00100': 317, '01100': 81, '11000': 67, '10110': 19, '01110': 25, '00110': 76, '01011': 12, '11010': 20, '01010': 75, '00111': 17, '01101': 25, '11011': 6, '11001': 20, '10101': 27, '10011': 12, '11101': 5, '11111': 1, '01111': 5, '11110': 3}"
2026-03-14T02:22:34.050611+00:00,bitflip,bitflip,0.06,4000,4,12345,0,bitflip_rep_n7,7,Z,majority,1.0,0.9605,"{'1111010': 1, '1000100': 56, '0000010': 224, '0001000': 192, '1111100': 1, '1000110': 15, '0000000': 854, '0110110': 3, '0101010': 12, '0000001': 199, '0010000': 212, '0111111': 1, '0100001': 54, '0001010': 55, '0100011': 13, '0111101': 1, '0001100': 51, '1001000': 41, '0111100': 1, '0100100': 52, '0001001': 60, '0011101': 3, '1100001': 16, '1100100': 15, '0011010': 19, '0000101': 49, '1000011': 19, '0110010': 11, '0101110': 6, '0101111': 2, '0110001': 10, '0000110': 51, '1000000': 221, '1000010': 53, '0000100': 191, '1100010': 8, '1010100': 9, '0011000': 63, '1011000': 9, '0010100': 40, '0000011': 57, '0110100': 18, '0101100': 13, '1000101': 20, '0101000': 49, '0010010': 41, '1000001': 45, '1111101': 2, '0000111': 12, '0110000': 65, '0010011': 18, '1001111': 1, '1110011': 1, '0100000': 195, '1110001': 3, '1001101': 4, '0111110': 1, '0100010': 61, '0001011': 14, '0100110': 11, '0111010': 4, '0011110': 5, '1100000': 47, '1010000': 61, '1010001': 18, '0011001': 11, '0001110': 13, '0111011': 1, '0100101': 11, '1101000': 6, '0111000': 15, '1001001': 13, '1011100': 2, '0010001': 59, '0010110': 13, '1110100': 5, '1001010': 13, '1110110': 1, '1001100': 12, '1111001': 2, '1111000': 3, '0101001': 10, '0110111': 3, '1101100': 5, '0010101': 7, '1100011': 5, '0011111': 1, '0100111': 2, '1001110': 2, '1110000': 11, '0001101': 9, '0010111': 7, '1101001': 5, '0110101': 5, '0101011': 3, '1111011': 1, '1000111': 4, '0011100': 13, '0001111': 6, '1101010': 2, '1010011': 3, '1101110': 1, '0101101': 6, '0110011': 6, '1011010': 4, '1011011': 3, '1101011': 3, '1110010': 3, '1010010': 7, '1011001': 1, '1010101': 2, '0011011': 8, '0111001': 2, '1011101': 1, '1010110': 3, '1001011': 2, '1100101': 1, '1100111': 2, '1100110': 2}"
2026-03-14T02:22:34.050611+00:00,bitflip,bitflip,0.06,4000,4,12345,0,bitflip_stabilizer_n3,3,Z,majority,1.0,0.895,"{'00000': 2068, '00001': 484, '11101': 132, '11100': 31, '00010': 522, '00011': 506, '11111': 137, '11110': 120}"
2026-03-14T02:22:34.050611+00:00,bitflip,bitflip,0.07,4000,4,12345,0,baseline_n1,1,Z,majority,1.0,0.7825,"{'1': 870, '0': 3130}"
2026-03-14T02:22:34.050611+00:00,bitflip,bitflip,0.07,4000,4,12345,0,bitflip_rep_n3,3,Z,majority,1.0,0.866,"{'000': 1822, '010': 559, '100': 552, '001': 531, '011': 173, '101': 159, '110': 160, '111': 44}"
2026-03-14T02:22:34.050611+00:00,bitflip,bitflip,0.07,4000,4,12345,0,bitflip_rep_n5,5,Z,majority,1.0,0.92,"{'01010': 100, '00001': 323, '00100': 314, '00010': 322, '11100': 32, '10010': 117, '10001': 90, '10110': 39, '10100': 88, '00011': 110, '00000': 1076, '01100': 88, '01000': 323, '11000': 93, '01011': 32, '00101': 98, '00110': 95, '01110': 28, '11001': 22, '10000': 347, '10101': 23, '01001': 96, '00111': 31, '10011': 33, '01101': 24, '11010': 26, '10111': 4, '11011': 8, '11110': 5, '01111': 6, '11111': 1, '11101': 6}"
2026-03-14T02:22:34.050611+00:00,bitflip,bitflip,0.07,4000,4,12345,0,bitflip_rep_n7,7,Z,majority,1.0,0.955,"{'1000010': 55, '0000100': 219, '0010000': 205, '0101010': 21, '0110110': 5, '1000111': 7, '0000001': 219, '0000000': 649, '0100011': 16, '0001100': 61, '0010010': 59, '1000100': 49, '1111010': 4, '0000010': 190, '0001110': 16, '1001100': 16, '1110110': 3, '0100001': 63, '0001010': 48, '0000011': 50, '1000101': 17, '0101100': 13, '0110100': 15, '0011010': 11, '1100100': 19, '0100000': 205, '1001001': 19, '0111000': 28, '1011000': 23, '0010100': 60, '1001000': 67, '0101111': 1, '0110001': 16, '1000000': 216, '1111110': 3, '0000110': 61, '1100101': 4, '0001000': 173, '0000111': 17, '0110000': 54, '1000001': 65, '0101000': 64, '0011011': 10, '1100000': 44, '0101001': 14, '0001011': 13, '0111110': 2, '0100010': 45, '0000101': 47, '0101110': 8, '0110010': 10, '1011001': 5, '0001001': 51, '0111010': 5, '0100110': 23, '0011101': 3, '0010001': 53, '0010110': 19, '1101011': 1, '0011001': 14, '1101000': 20, '1010000': 50, '1010001': 12, '1010100': 18, '0011000': 59, '1010010': 21, '0011100': 13, '0001101': 15, '0111011': 1, '0100101': 20, '0111001': 7, '1111000': 5, '1000011': 14, '1001011': 5, '0111100': 3, '0100100': 49, '0010111': 5, '1110010': 5, '1100011': 6, '0110011': 5, '0101101': 2, '1110001': 3, '1001101': 7, '1001110': 1, '1110000': 19, '0010011': 13, '1100010': 14, '1110100': 4, '1001010': 23, '0010101': 19, '1101100': 3, '0101011': 3, '0110101': 4, '1000110': 15, '1111100': 2, '1100001': 14, '1010110': 8, '1011101': 2, '0100111': 2, '1100110': 3, '1011110': 2, '1101111': 1, '1011010': 3, '1110101': 2, '0011110': 5, '1010101': 4, '1010111': 1, '1010011': 4, '0011111': 1, '1101010': 3, '1101001': 2, '0110111': 2, '1011100': 2, '1110011': 1}"
2026-03-14T02:22:34.050611+00:00,bitflip,bitflip,0.07,4000,4,12345,0,bitflip_stabilizer_n3,3,Z,majority,1.0,0.87725,"{'00000': 1884, '00001': 517, '11101': 145, '11100': 38, '00010': 557, '00011': 551, '11111': 166, '11110': 142}"
2026-03-14T02:22:34.050611+00:00,bitflip,bitflip,0.08,4000,4,12345,0,baseline_n1,1,Z,majority,1.0,0.7585,"{'1': 966, '0': 3034}"
2026-03-14T02:22:34.050611+00:00,bitflip,bitflip,0.08,4000,4,12345,0,bitflip_rep_n3,3,Z,majority,1.0,0.843,"{'000': 1648, '001': 567, '011': 187, '010': 567, '100': 590, '101': 187, '110': 194, '111': 60}"
2026-03-14T02:22:34.050611+00:00,bitflip,bitflip,0.08,4000,4,12345,0,bitflip_rep_n5,5,Z,majority,1.0,0.89725,"{'11000': 115, '00001': 296, '00100': 345, '11101': 17, '10010': 109, '01100': 104, '10011': 41, '10110': 23, '01101': 44, '01000': 317, '00010': 286, '00000': 936, '01010': 99, '10100': 125, '00011': 121, '00110': 95, '10000': 324, '11010': 27, '01001': 113, '11001': 29, '11100': 31, '10101': 35, '10001': 108, '00101': 96, '00111': 37, '01110': 29, '01011': 46, '11011': 15, '01111': 16, '10111': 11, '11110': 8, '11111': 2}"
2026-03-14T02:22:34.050611+00:00,bitflip,bitflip,0.08,4000,4,12345,0,bitflip_rep_n7,7,Z,majority,1.0,0.927,"{'0110010': 24, '0101110': 10, '1000011': 19, '0000101': 71, '0010011': 20, '1111010': 2, '1000100': 68, '0000010': 195, '0110111': 5, '0000000': 523, '0010010': 52, '0000001': 179, '0010000': 162, '0011000': 60, '1000010': 65, '0000100': 168, '1010000': 69, '0000011': 53, '1000101': 22, '0101100': 24, '0110100': 16, '0010001': 74, '1101000': 23, '1110001': 8, '1001101': 8, '0111110': 2, '0100010': 71, '0000110': 67, '1000000': 192, '1111110': 3, '0110001': 17, '0101111': 4, '0011010': 23, '0001000': 172, '0100011': 22, '0111101': 3, '1001110': 9, '1110000': 12, '0001100': 54, '1110100': 7, '1001010': 23, '0100001': 61, '0001010': 57, '0100000': 169, '0110000': 64, '1111101': 1, '1000001': 63, '1001000': 50, '0111001': 6, '1100001': 14, '0001101': 25, '0111100': 6, '0100100': 62, '0101000': 58, '0111011': 2, '0100101': 24, '0001110': 14, '1110110': 3, '1001100': 19, '1001001': 21, '1100011': 7, '1100000': 58, '1011000': 18, '0010100': 65, '1111000': 9, '0100110': 8, '0111010': 8, '1101100': 10, '1010011': 8, '1100010': 16, '1011001': 10, '0010101': 18, '0001001': 46, '0011100': 22, '1011011': 3, '0001011': 24, '1111100': 4, '1000110': 15, '0101101': 7, '0110011': 5, '0000111': 24, '1000111': 7, '1111011': 1, '1010100': 19, '0010111': 5, '0101001': 18, '0010110': 16, '0001111': 3, '1011010': 5, '1010010': 11, '0011001': 21, '1010110': 8, '1010111': 1, '1101010': 5, '1110010': 8, '0110110': 3, '0101010': 20, '1100111': 3, '1010101': 7, '1100100': 15, '1100110': 5, '0111000': 16, '1101101': 2, '1010001': 17, '0100111': 3, '0011111': 6, '1110011': 1, '1001111': 3, '1011100': 7, '1011101': 4, '0011110': 9, '0011101': 4, '0101011': 3, '0110101': 8, '1001011': 10, '1101011': 3, '1101001': 4, '1100101': 9, '0011011': 2, '1101110': 1, '1110101': 1, '1011110': 1}"
2026-03-14T02:22:34.050611+00:00,bitflip,bitflip,0.08,4000,4,12345,0,bitflip_stabilizer_n3,3,Z,majority,1.0,0.85325,"{'00000': 1717, '00001': 564, '11101': 172, '11100': 56, '00010': 576, '00011': 556, '11111': 183, '11110': 176}"
